{
    "list": [
        {
            "nick_name": "紫枫",
            "head": "https://avatars1.githubusercontent.com/u/10377362?s=460&v=4",
            "thread_id": "5570103915",
            "first_post_id": "118396707371",
            "create_time": "1519795433",
            "play_count": "440212",
            "post_num": "198",
            "agree_num": "1184",
            "share_num": "10",
            "has_agree": "0",
            "freq_num": "44197",
            "forum_id": "0",
            "title": "\u5927\u7237\u53d1\u73b0\u77f3\u5934\u4e0a\u6709\u5947\u602a\u51f8\u8d77\uff0c\u6572\u5f00\u540e\u5927\u7237\u7b80\u76f4\u4e50\u75af\u4e86\uff01\u6211\u90fd\u60ca\u4e86\uff01",
            "source": "131027",
            "weight": "0.3393184175833",
            "extra": "{\"simi_score\":\"0.000000\",\"source_tid\":\"5554857668\"}\n",
            "abtest_tag": "tag_15",
            "thumbnail_width": "640",
            "thumbnail_height": "360",
            "video_md5": "f9f87b84aaf4ff1fee62742f2d39687f",
            "video_url": "http:\/\/tb-video.bdstatic.com\/tieba-smallvideo-transcode\/20985849_722f981a5ce0fc6d2a5a4f40cb0327a5_3.mp4",
            "video_duration": "222",
            "video_width": "640",
            "video_height": "360",
            "video_type": "110",
            "thumbnail_url": "http:\/\/imgsrc.baidu.com\/forum\/eWH%3D640%2C360\/sign=265d1891f11f4134f25d7873132ba5e6\/4e4a20a4462309f7101128607e0e0cf3d7cad642.jpg",
            "video_format": "mp4",
            "thumbnail_picid": "51950759653",
            "video_from": "",
            "video_log_id": "519999320180226",
            "auditing": "1",
            "origin_video_url": "http:\/\/tb-video.bdstatic.com\/videocp\/12045395_f9f87b84aaf4ff1fee62742f2d39687f.mp4",
            "video_length": "20985849",
            "video_size": "20985849"
        },
        {
            "nick_name": "哈哈哈",
            "head": "https://avatars1.githubusercontent.com/u/10377362?s=460&v=4",
            "thread_id": "5570103915",
            "first_post_id": "118396707371",
            "create_time": "1519795433",
            "play_count": "440212",
            "post_num": "198",
            "agree_num": "1184",
            "share_num": "10",
            "has_agree": "0",
            "freq_num": "44197",
            "forum_id": "0",
            "title": "\u5927\u7237\u53d1\u73b0\u77f3\u5934\u4e0a\u6709\u5947\u602a\u51f8\u8d77\uff0c\u6572\u5f00\u540e\u5927\u7237\u7b80\u76f4\u4e50\u75af\u4e86\uff01\u6211\u90fd\u60ca\u4e86\uff01",
            "source": "131027",
            "weight": "0.3393184175833",
            "extra": "{\"simi_score\":\"0.000000\",\"source_tid\":\"5554857668\"}\n",
            "abtest_tag": "tag_15",
            "thumbnail_width": "640",
            "thumbnail_height": "360",
            "video_md5": "f9f87b84aaf4ff1fee62742f2d39687f",
            "video_url": "http:\/\/tb-video.bdstatic.com\/tieba-smallvideo-transcode\/20985849_722f981a5ce0fc6d2a5a4f40cb0327a5_3.mp4",
            "video_duration": "222",
            "video_width": "640",
            "video_height": "360",
            "video_type": "110",
            "thumbnail_url": "http:\/\/imgsrc.baidu.com\/forum\/eWH%3D640%2C360\/sign=265d1891f11f4134f25d7873132ba5e6\/4e4a20a4462309f7101128607e0e0cf3d7cad642.jpg",
            "video_format": "mp4",
            "thumbnail_picid": "51950759653",
            "video_from": "",
            "video_log_id": "519999320180226",
            "auditing": "1",
            "origin_video_url": "http:\/\/tb-video.bdstatic.com\/videocp\/12045395_f9f87b84aaf4ff1fee62742f2d39687f.mp4",
            "video_length": "20985849",
            "video_size": "20985849"
        }
    ],
    "page": {
        "pn": "1",
        "rn": "21"
    }
}